element_name,category,scenes_list
BEN,Cast,18
Ben,Cast,23; 29
MARIE,Cast,18
Deeper woods,Greenery,29
Trees,Greenery,26
BRIDGE - UPSTATE NEW YORK,Locations,23
CAFETERIA - COURT BUILDING,Locations,18
FOREST ROAD,Locations,29
WORN ROAD,Locations,26
fast-flowing river,Locations,23
"Jack (deceased, referenced only)",Notes,18
Marie's limited arm mobility,Notes,18
Sunset / magic hour,Notes,26
water safety near fast-flowing river,Notes,23
Divorce/settlement papers,Props,18
Three dollar bills,Props,18
Two vending machine coffees,Props,18
Wallet,Props,18
Canteen benches,Set Dressing,18
Patchwork trailers,Set Dressing,29
Run-down homes / shacks,Set Dressing,29
Table,Set Dressing,18
Vending machine,Set Dressing,18
vehicle-tracking / process shot rig,Special Equipment,23
Ben's truck,Vehicles,23
PICKUP,Vehicles,29
Pickup,Vehicles,26
Ben's shirt with breast pocket,Wardrobe,18
