scene_number,slugline,location,time_of_day,page_count,characters
1,INT. MASTER BEDROOM - HOUSE - NIGHT #1#,MASTER BEDROOM,NIGHT,1/8,
2,INT. CORRIDOR - HOUSE - NIGHT #2#,CORRIDOR,NIGHT,1/8,
3,INT. JACK'S BEDROOM - HOUSE - NIGHT #3#,JACK'S BEDROOM,NIGHT,2/8,
4,INT. JACK'S BEDROOM - HOUSE - DAY #4#,JACK'S BEDROOM,DAY,1/8,
5,INT. KITCHEN - HOUSE - DAY #5#,KITCHEN,DAY,3/8,
6,EXT. SUBURBAN HOME - DAY #6#,SUBURBAN HOME,DAY,1/8,
7,EXT. UPSTATE NEW YORK - DAY #7#,UPSTATE NEW YORK,DAY,1/8,
8,INT. FORESTER (MOVING) - DAY #8#,FORESTER (MOVING),DAY,2/8,
9,EXT. NEW YORK - DAY #9#,NEW YORK,DAY,1/8,
10,INT. FORESTER (MOVING) - DAY #10#,FORESTER (MOVING),DAY,5/8,
11,INT. MOTEL ROOM - DAY #11#,MOTEL ROOM,DAY,1/8,
12,INT. BATHROOM - MOTEL ROOM - DAY #12#,BATHROOM,DAY,1/8,
13,INT. MOTEL ROOM - DAY #13#,MOTEL ROOM,DAY,1/8,
14,EXT. MOTEL - DAY #14#,MOTEL,DAY,1/8,
15,INT. PICKUP (MOVING) - NEW YORK STATE - DAY #15#,PICKUP (MOVING),DAY,1/8,
16,EXT. MUNICIPAL COURT BUILDING - DAY #16#,MUNICIPAL COURT BUILDING,DAY,1/8,
17,INT. CONFERENCE ROOM - COURT BUILDING - DAY #17#,CONFERENCE ROOM,DAY,2/8,
18,INT. CAFETERIA - COURT BUILDING - DAY #18#,CAFETERIA,DAY,7/8,BEN; MARIE
19,INT. CORRIDOR - COURT BUILDING - DAY #19#,CORRIDOR,DAY,1/8,
20,EXT. PARKING LOT - COURT BUILDING - DAY #20#,PARKING LOT,DAY,4/8,
21,INT. PICKUP (MOVING) - COURT BUILDING - DAY #21#,PICKUP (MOVING),DAY,1/8,
22,EXT. DARK WATER - DAY #22#,DARK WATER,DAY,1/8,
23,EXT. BRIDGE - UPSTATE NEW YORK - DAY #23#,BRIDGE,DAY,1/8,Ben
24,INT. PICKUP (MOVING) - BRIDGE - DAY #24#,PICKUP (MOVING),DAY,1/8,
25,EXT. UPSTATE NEW YORK - DAY #25#,UPSTATE NEW YORK,DAY,1/8,
26,EXT. WORN ROAD - DAY #26#,WORN ROAD,DAY,1/8,
27,EXT. BROKEN BOW - DAY #27#,BROKEN BOW,DAY,1/8,
28,INT. PICKUP (MOVING) - BROKEN BOW - DAY #28#,PICKUP (MOVING),DAY,1/8,
29,EXT. PICKUP (MOVING) - FOREST ROAD - DAY #29#,PICKUP (MOVING),DAY,1/8,Ben
30,EXT. ACCESS ROAD - DAY #30#,ACCESS ROAD,DAY,1/8,
31,EXT. FRONT YARD - CABIN - DAY #31#,FRONT YARD,DAY,1/8,
32,INT. LODGE ROOM - CABIN - DAY #32#,LODGE ROOM,DAY,1/8,
33,INT. KITCHENETTE - CABIN - DAY #33#,KITCHENETTE,DAY,1/8,
34,INT. LODGE ROOM - CABIN - DAY #34#,LODGE ROOM,DAY,1/8,
35,INT. BATHROOM - CABIN - DAY #35#,BATHROOM,DAY,1/8,
36,INT. KITCHENETTE - CABIN - DAY #36#,KITCHENETTE,DAY,1/8,
37,INT. LODGE ROOM - CABIN - NIGHT #37#,LODGE ROOM,NIGHT,1/8,
38,EXT. REAR - CABIN - DAY #38#,REAR,DAY,1/8,
39,INT. LODGE ROOM - CABIN - DAY #39#,LODGE ROOM,DAY,1/8,
40,INT. JACK'S ROOM - CABIN - DAY #40#,JACK'S ROOM,DAY,1/8,
41,INT. LODGE ROOM - CABIN - DAY #41#,LODGE ROOM,DAY,3/8,
42,INT. LIVING ROOM - HOUSE - DAY #42#,LIVING ROOM,DAY,5/8,
43,INT. PICKUP (MOVING) - WOODS - DAY #43#,PICKUP (MOVING),DAY,1/8,
44,EXT. MAIN STREET - BROKEN BOW - DAY #44#,MAIN STREET,DAY,1/8,
45,EXT. LAST CHANCE SUPPLY - DAY #45#,LAST CHANCE SUPPLY,DAY,1/8,
46,INT. LAST CHANCE SUPPLY - DAY #46#,LAST CHANCE SUPPLY,DAY,1,
47,INT. PICKUP (MOVING) - DAY #47#,PICKUP (MOVING),DAY,1/8,
48,EXT. SCENIC STOP - DAY #48#,SCENIC STOP,DAY,1/8,
49,INT. FOREST CLEARING - DAY #49#,FOREST CLEARING,DAY,1/8,
50,EXT. FRONT YARD - CABIN - DAY #50#,FRONT YARD,DAY,1/8,
51,INT. LODGE ROOM - CABIN - SUNSET #51#,LODGE ROOM,SUNSET,1/8,
52,INT. LODGE ROOM - CABIN - NIGHT #52#,LODGE ROOM,NIGHT,2/8,
53,INT. LODGE ROOM - CABIN - NIGHT #53#,LODGE ROOM,NIGHT,1/8,
54,INT. LODGE ROOM - CABIN - DAY #54#,LODGE ROOM,DAY,1/8,
55,EXT. FRONT YARD - CABIN - DAY #55#,FRONT YARD,DAY,1/8,
56,INT. PICKUP (MOVING) - FRONT YARD - DAY #56#,PICKUP (MOVING),DAY,1/8,
57,INT. ATTIC - CABIN - DAY #57#,ATTIC,DAY,1/8,
58,INT. LODGE ROOM - CABIN - DAY #58#,LODGE ROOM,DAY,1/8,
59,INT. LODGE ROOM - CABIN - DAY #59#,LODGE ROOM,DAY,1/8,
60,INT. JACK'S ROOM - CABIN - DAY #60#,JACK'S ROOM,DAY,1/8,
61,EXT. FRONT YARD - CABIN - DAY #61#,FRONT YARD,DAY,1/8,
62,INT. LAST CHANCE SUPPLY - DAY #62#,LAST CHANCE SUPPLY,DAY,1/8,
63,EXT. LAST CHANCE SUPPLY - DAY #63#,LAST CHANCE SUPPLY,DAY,1/8,
64,INT. CHEVROLET - DAY #64#,CHEVROLET,DAY,1/8,
65,INT. PICKUP (MOVING) - FOREST ROAD - DAY #65#,PICKUP (MOVING),DAY,1/8,
66,EXT. FOREST TURN - DAY #66#,FOREST TURN,DAY,1/8,
67,INT. PICKUP (MOVING) - FOREST ROAD - DAY #67#,PICKUP (MOVING),DAY,1/8,
68,EXT. FOREST PATH - DAY #68#,FOREST PATH,DAY,6/8,
69,INT. PICKUP - DAY #69#,PICKUP,DAY,1/8,
70,EXT. FRONT YARD - CABIN - DAY #70#,FRONT YARD,DAY,1/8,
71,INT. LODGE ROOM - CABIN - NIGHT #71#,LODGE ROOM,NIGHT,1/8,
72,INT. KITCHENETTE - CABIN - NIGHT #72#,KITCHENETTE,NIGHT,1/8,
73,INT. LODGE ROOM - CABIN - NIGHT #73#,LODGE ROOM,NIGHT,1/8,
74,INT. JACK'S ROOM - CABIN - NIGHT #74#,JACK'S ROOM,NIGHT,1/8,
75,INT. LODGE ROOM - CABIN - NIGHT #75#,LODGE ROOM,NIGHT,1/8,
76,INT. KITCHENETTE - CABIN - NIGHT #76#,KITCHENETTE,NIGHT,1/8,
77,INT. LODGE ROOM - CABIN - NIGHT #77#,LODGE ROOM,NIGHT,1/8,
78,INT. LODGE ROOM - CABIN - NIGHT #78#,LODGE ROOM,NIGHT,1 2/8,
79,INT./EXT. CABIN - NIGHT #79#,CABIN,NIGHT,3/8,
80,INT. LODGE ROOM - CABIN - NIGHT #80#,LODGE ROOM,NIGHT,3/8,
81,INT./EXT. CABIN - NIGHT #81#,CABIN,NIGHT,1/8,
82,INT. LODGE ROOM - CABIN - NIGHT #82#,LODGE ROOM,NIGHT,1/8,
83,INT./EXT. CABIN - NIGHT #83#,CABIN,NIGHT,4/8,
84,INT. JACK'S ROOM - CABIN - NIGHT #84#,JACK'S ROOM,NIGHT,1/8,
85,INT. LODGE ROOM - CABIN - NIGHT #85#,LODGE ROOM,NIGHT,1/8,
86,INT./EXT. CABIN - NIGHT #86#,CABIN,NIGHT,1/8,
87,INT. LODGE ROOM - CABIN - NIGHT #87#,LODGE ROOM,NIGHT,1/8,
88,INT./EXT. CABIN - NIGHT #88#,CABIN,NIGHT,3/8,
89,INT. LODGE ROOM - CABIN - NIGHT #89#,LODGE ROOM,NIGHT,1/8,
90,INT./EXT. CABIN - NIGHT #90#,CABIN,NIGHT,5/8,
91,INT. LODGE ROOM - CABIN - NIGHT #91#,LODGE ROOM,NIGHT,1/8,
92,INT. KITCHENETTE - CABIN - NIGHT #92#,KITCHENETTE,NIGHT,1/8,
93,INT. LODGE ROOM - CABIN - NIGHT #93#,LODGE ROOM,NIGHT,2/8,
94,EXT. FRONT YARD - CABIN - NIGHT #94#,FRONT YARD,NIGHT,1/8,
95,INT. LODGE ROOM - CABIN - NIGHT #95#,LODGE ROOM,NIGHT,1/8,
96,INT. BATHROOM - CABIN - NIGHT #96#,BATHROOM,NIGHT,1/8,
97,INT. LODGE ROOM - CABIN - CONTINUOUS #97#,LODGE ROOM,CONTINUOUS,1 1/8,
98,INT. KITCHENETTE - CABIN - NIGHT #98#,KITCHENETTE,NIGHT,1/8,
99,INT. LODGE ROOM - CABIN - NIGHT #99#,LODGE ROOM,NIGHT,4/8,
100,INT. BATHROOM - CABIN - NIGHT #100#,BATHROOM,NIGHT,1/8,
101,INT. LODGE ROOM - CABIN - NIGHT #101#,LODGE ROOM,NIGHT,1/8,
102,INT. KITCHENETTE - CABIN - NIGHT #102#,KITCHENETTE,NIGHT,1/8,
103,INT. LODGE ROOM - CABIN - NIGHT #103#,LODGE ROOM,NIGHT,1/8,
104,INT. KITCHENETTE - CABIN - NIGHT #104#,KITCHENETTE,NIGHT,2/8,
105,INT. LODGE ROOM - CABIN - CONTINUOUS #105#,LODGE ROOM,CONTINUOUS,1 5/8,
106,EXT. FRONT PORCH - CABIN - NIGHT #106#,FRONT PORCH,NIGHT,1/8,
107,INT. LODGE ROOM - CABIN - NIGHT  #107#,LODGE ROOM,NIGHT,5/8,
108,INT. KITCHENETTE - CABIN - NIGHT #108#,KITCHENETTE,NIGHT,1/8,
109,INT. LODGE ROOM - CABIN - NIGHT #109#,LODGE ROOM,NIGHT,3/8,
110,EXT. FRONT YARD - CABIN - NIGHT #110#,FRONT YARD,NIGHT,1/8,
111,INT. PICKUP - NIGHT #111#,PICKUP,NIGHT,1/8,
112,EXT. PICKUP - NIGHT #112#,PICKUP,NIGHT,1/8,
113,EXT. FRONT YARD - CABIN - NIGHT #113#,FRONT YARD,NIGHT,3/8,
114,INT. LODGE ROOM - CABIN - NIGHT #114#,LODGE ROOM,NIGHT,4 2/8,
115,EXT. FRONT YARD - CABIN - NIGHT #115#,FRONT YARD,NIGHT,1/8,
116,INT. LODGE ROOM - CABIN - NIGHT #116#,LODGE ROOM,NIGHT,1/8,
117,EXT. FRONT YARD - CABIN - NIGHT #117#,FRONT YARD,NIGHT,1/8,
118,INT. LODGE ROOM - CABIN - NIGHT #118#,LODGE ROOM,NIGHT,5/8,
119,EXT. FRONT YARD - CABIN - NIGHT #119#,FRONT YARD,NIGHT,1/8,
120,INT. LODGE ROOM - CABIN - NIGHT #120#,LODGE ROOM,NIGHT,2/8,
121,INT. LODGE ROOM - CABIN - NIGHT #121#,LODGE ROOM,NIGHT,1/8,
122,INT. LODGE ROOM - CABIN - DAY #122#,LODGE ROOM,DAY,1/8,
123,INT. KITCHENETTE - CABIN - DAY #123#,KITCHENETTE,DAY,1/8,
124,EXT. PICKUP - DAY #124#,PICKUP,DAY,1/8,
125,INT. PICKUP (MOVING) - BROKEN BOW - DAY #125#,PICKUP (MOVING),DAY,1/8,
126,EXT. MAIN STREET - DAY #126#,MAIN STREET,DAY,1/8,
127,INT. SECOND LAST CHANCE SUPPLY - DAY #127#,SECOND LAST CHANCE SUPPLY,DAY,1/8,
128,INT. BACKROOM - SECOND LAST CHANCE SUPPLY - DAY #128#,BACKROOM,DAY,3/8,
129,INT. SECOND LAST CHANCE SUPPLY - DAY #129#,SECOND LAST CHANCE SUPPLY,DAY,1/8,
130,EXT. SECOND LAST CHANCE SUPPLY - DAY #130#,SECOND LAST CHANCE SUPPLY,DAY,1/8,
131,EXT. CLEARING - NEAR CABIN - DAY #131#,CLEARING,DAY,1/8,
132,EXT. FRONT YARD - CABIN - DAY #132#,FRONT YARD,DAY,1 1/8,
133,INT. INSTITUTION - DAY #133#,INSTITUTION,DAY,1/8,
134,EXT. FRONT YARD - CABIN - DAY #134#,FRONT YARD,DAY,1/8,
135,INT. BEDROOM - DAY #135#,BEDROOM,DAY,1/8,
136,EXT. DRIVEWAY - DAY #136#,DRIVEWAY,DAY,1/8,
137,EXT. FRONT YARD - CABIN - DAY #137#,FRONT YARD,DAY,1/8,
138,INT. HALLWAY - DAY #138#,HALLWAY,DAY,1/8,
139,INT. BEDROOM - ON WAIF - DAY #139#,BEDROOM,DAY,1/8,
140,EXT. NEW YORK STREET - DAY #140#,NEW YORK STREET,DAY,1/8,
141,EXT. FRONT YARD - CABIN - DAY #141#,FRONT YARD,DAY,1/8,
142,INT. OFFICE RECEPTION - DAY #142#,OFFICE RECEPTION,DAY,1/8,
143,INT. CORNER OFFICE - NEW YORK - DAY #143#,CORNER OFFICE,DAY,1/8,
144,EXT. FRONT YARD - CABIN - DAY #144#,FRONT YARD,DAY,1/8,
145,INT. INTENSIVE CARE BED - HOSPITAL - DAY #145#,INTENSIVE CARE BED,DAY,1/8,
146,INT. INTENSIVE CARE BED - NIGHT #146#,INTENSIVE CARE BED,NIGHT,1/8,
147,INT. STORAGE ROOM - HOSPITAL - NIGHT #147#,STORAGE ROOM,NIGHT,1/8,
148,EXT. FRONT YARD - CABIN - DAY #148#,FRONT YARD,DAY,1/8,
149,INT. CORRIDOR - INSTITUTION - DAY #149#,CORRIDOR,DAY,1/8,
150,INT. PATIENT ROOM - NIGHT #150#,PATIENT ROOM,NIGHT,1/8,
151,EXT. INSTITUTION - NIGHT #151#,INSTITUTION,NIGHT,1/8,
152,INT. DRIVER COCKPIT - NIGHT #152#,DRIVER COCKPIT,NIGHT,1/8,
153,EXT. FREEWAY - NIGHT #153#,FREEWAY,NIGHT,1/8,
154,EXT. FRONT YARD - CABIN - NIGHT #154#,FRONT YARD,NIGHT,1/8,
155,EXT. FREEWAY - NIGHT #155#,FREEWAY,NIGHT,1/8,
156,INT. PADDED ROOM - DAY #156#,PADDED ROOM,DAY,1/8,
157,EXT. FRONT YARD - CABIN - DAY #157#,FRONT YARD,DAY,1/8,
158,INT. PADDED ROOM - DAY #158#,PADDED ROOM,DAY,1/8,
159,EXT. FRONT YARD - CABIN - DAY #159#,FRONT YARD,DAY,2/8,
160,INT. PICKUP (MOVING) - FOREST ROAD - DAY #160#,PICKUP (MOVING),DAY,1/8,
161,EXT. UPSTATE NEW YORK - DAY #161#,UPSTATE NEW YORK,DAY,1/8,
162,EXT. NORTH HAVEN - DAY #162#,NORTH HAVEN,DAY,1/8,
163,INT. PICKUP (MOVING) - NORTH HAVEN - DAY #163#,PICKUP (MOVING),DAY,1/8,
164,EXT. MANSION - DAY #164#,MANSION,DAY,3/8,
165,INT. KITCHENETTE - MANSION - DAY #165#,KITCHENETTE,DAY,1/8,
166,INT. PRESTON'S LAB - DAY #166#,PRESTON'S LAB,DAY,4/8,
167,EXT. BRIDGE - DAY #167#,BRIDGE,DAY,1/8,
168,EXT. SUBURB - DAY #168#,SUBURB,DAY,1/8,
169,INT. PICKUP (MOVING) - SUBURB - DAY #169#,PICKUP (MOVING),DAY,1/8,
170,EXT. SUBURB - DAY #170#,SUBURB,DAY,1/8,
171,INT. PICKUP - DAY #171#,PICKUP,DAY,1/8,
172,EXT. DRIVEWAY - HOUSE - DAY #172#,DRIVEWAY,DAY,3/8,
173,INT. PICKUP - DAY #173#,PICKUP,DAY,1/8,
174,EXT. HOUSE - DAY #174#,HOUSE,DAY,3/8,
175,INT. KITCHEN - HOUSE - DAY #175#,KITCHEN,DAY,1/8,
176,EXT. BACKYARD - HOUSE - DAY #176#,BACKYARD,DAY,6/8,
177,EXT. NEIGHBOR'S GARDEN - DAY #177#,NEIGHBOR'S GARDEN,DAY,1/8,
178,EXT. SIDE OF NEIGHBOR'S HOUSE - CONTINUOUS #178#,SIDE OF NEIGHBOR'S HOUSE,CONTINUOUS,1/8,
179,EXT. SUBURB - CONTINUOUS #179#,SUBURB,CONTINUOUS,1/8,
180,EXT. SCENIC PULLOUT - DAY #180#,SCENIC PULLOUT,DAY,1/8,
181,INT. PICKUP - DAY #181#,PICKUP,DAY,1/8,
182,INT. PICKUP (MOVING) - FRONT YARD - DAY #182#,PICKUP (MOVING),DAY,1/8,
183,EXT. FRONT YARD - CABIN - DAY #183#,FRONT YARD,DAY,1/8,
184,INT. LODGE ROOM - CABIN - DAY #184#,LODGE ROOM,DAY,1 3/8,
185,INT. LODGE ROOM - CABIN - DAY #185#,LODGE ROOM,DAY,1/8,
186,EXT. CABIN - DAY #186#,CABIN,DAY,1/8,
187,EXT. FOREST - DAY #187#,FOREST,DAY,1/8,
188,EXT. LAKESIDE - DAY #188#,LAKESIDE,DAY,3/8,
189,EXT. FOREST TRAIL - DAY #189#,FOREST TRAIL,DAY,1/8,
190,INT. LODGE ROOM - CABIN - DAY #190#,LODGE ROOM,DAY,4/8,
191,EXT. FRONT YARD - CABIN - DAY #191#,FRONT YARD,DAY,1/8,
192,INT. LODGE ROOM - CABIN - DAY #192#,LODGE ROOM,DAY,1/8,
193,INT. FORESTER (MOVING) - BROKEN BOW - DAY #193#,FORESTER (MOVING),DAY,1/8,
194,INT. T.R. GENERAL SUPPLIES - DAY #194#,T.R. GENERAL SUPPLIES,DAY,6/8,
195,INT. FORESTER (MOVING) - BROKEN BOW - DAY #195#,FORESTER (MOVING),DAY,2/8,
196,EXT. HIGHWAY - DAY #196#,HIGHWAY,DAY,1/8,
197,EXT. SUBURB - DAY #197#,SUBURB,DAY,1/8,
198,INT. FORESTER (MOVING) - SUBURB - SUNSET #198#,FORESTER (MOVING),SUNSET,1/8,
199,EXT. SUBURBAN HOME - SUNSET #199#,SUBURBAN HOME,SUNSET,1/8,
200,INT. HALLWAY - HOUSE - NIGHT #200#,HALLWAY,NIGHT,2/8,
201,INT. HOUSE - FIRST FLOOR - NIGHT #201#,HOUSE,NIGHT,1/8,
202,INT. JACK'S ROOM - HOUSE - NIGHT #202#,JACK'S ROOM,NIGHT,1/8,
203,INT. KITCHEN - HOUSE - NIGHT #203#,KITCHEN,NIGHT,1/8,
204,INT. LIVING ROOM - HOUSE - NIGHT #204#,LIVING ROOM,NIGHT,2/8,
205,EXT. HOUSE - NIGHT #205#,HOUSE,NIGHT,1/8,
206,INT. LIVING ROOM - HOUSE - NIGHT #206#,LIVING ROOM,NIGHT,2/8,
207,EXT. HOUSE - NIGHT #207#,HOUSE,NIGHT,1/8,
208,INT. LIVING ROOM - HOUSE - NIGHT #208#,LIVING ROOM,NIGHT,2/8,
209,INT. JACK'S BEDROOM - HOUSE - NIGHT #209#,JACK'S BEDROOM,NIGHT,2/8,
210,INT. MASTER BEDROOM - HOUSE - NIGHT #210#,MASTER BEDROOM,NIGHT,3/8,
211,EXT. FRONT LAWN - HOUSE - NIGHT #211#,FRONT LAWN,NIGHT,1/8,
212,INT. MASTER BEDROOM - HOUSE - NIGHT #212#,MASTER BEDROOM,NIGHT,1/8,
213,INT. JACK'S ROOM - HOUSE - NIGHT #213#,JACK'S ROOM,NIGHT,1/8,
214,INT. LANDING - HOUSE - NIGHT #214#,LANDING,NIGHT,1/8,
215,INT. MASTER BEDROOM - HOUSE - NIGHT #215#,MASTER BEDROOM,NIGHT,2/8,
216,INT. STAIRCASE/GROUND FLOOR - HOUSE - NIGHT #216#,STAIRCASE/GROUND FLOOR,NIGHT,1/8,
217,INT. BASEMENT - HOUSE - NIGHT #217#,BASEMENT,NIGHT,1/8,
218,INT. HALLWAY - HOUSE - NIGHT #218#,HALLWAY,NIGHT,1/8,
219,INT. MASTER BEDROOM - HOUSE - NIGHT #219#,MASTER BEDROOM,NIGHT,1/8,
220,INT. CORRIDOR - HOUSE - NIGHT #220#,CORRIDOR,NIGHT,1/8,
221,INT. MASTER BEDROOM - HOUSE - NIGHT #221#,MASTER BEDROOM,NIGHT,1/8,
222,INT. CORRIDOR - HOUSE - NIGHT #222#,CORRIDOR,NIGHT,1/8,
223,INT. MASTER BEDROOM - HOUSE - NIGHT #223#,MASTER BEDROOM,NIGHT,1/8,
224,INT. CORRIDOR - HOUSE - NIGHT #224#,CORRIDOR,NIGHT,1/8,
225,INT. MASTER BEDROOM - HOUSE - NIGHT #225#,MASTER BEDROOM,NIGHT,1/8,
226,INT. CORRIDOR - HOUSE - NIGHT #226#,CORRIDOR,NIGHT,1/8,
227,INT. MASTER BEDROOM - HOUSE - NIGHT #227#,MASTER BEDROOM,NIGHT,3/8,
228,INT. DOWNSTAIRS - HOUSE - NIGHT #228#,DOWNSTAIRS,NIGHT,1/8,
229,EXT. FRONT LAWN - HOUSE - NIGHT #229#,FRONT LAWN,NIGHT,1/8,
230,INT. FORESTER - NIGHT #230#,FORESTER,NIGHT,4/8,
231,INT./EXT. FORESTER - NIGHT #231#,FORESTER,NIGHT,3/8,
232,EXT. HIGHWAY - NIGHT #232#,HIGHWAY,NIGHT,1/8,
233,EXT. FRONT YARD - CABIN - NIGHT #233#,FRONT YARD,NIGHT,1/8,
234,INT. / EXT. FORESTER - NIGHT #234#,/ EXT. FORESTER,NIGHT,1/8,
235,EXT. FRONT YARD - CABIN - NIGHT #235#,FRONT YARD,NIGHT,1/8,
236,INT. LODGE ROOM - CABIN - NIGHT #236#,LODGE ROOM,NIGHT,1/8,
237,INT. KITCHENETTE - CABIN - NIGHT #237#,KITCHENETTE,NIGHT,1/8,
238,EXT. FRONT YARD - CABIN - NIGHT #238#,FRONT YARD,NIGHT,1/8,
239,INT. LODGE ROOM - CABIN - NIGHT #239#,LODGE ROOM,NIGHT,2 4/8,
240,INT. KITCHENETTE - CABIN - NIGHT #240#,KITCHENETTE,NIGHT,1/8,
241,INT. LODGE ROOM - CABIN - NIGHT #241#,LODGE ROOM,NIGHT,1/8,
242,INT. KITCHENETTE - CABIN - NIGHT #242#,KITCHENETTE,NIGHT,1/8,
243,INT. LODGE ROOM - CABIN - NIGHT #243#,LODGE ROOM,NIGHT,1/8,
244,INT. KITCHENETTE - CABIN - NIGHT #244#,KITCHENETTE,NIGHT,1/8,
245,INT. LODGE ROOM - CABIN - NIGHT #245#,LODGE ROOM,NIGHT,2/8,
246,EXT. FRONT YARD - CABIN - NIGHT #246#,FRONT YARD,NIGHT,1/8,
247,INT. LODGE ROOM - NIGHT #247#,LODGE ROOM,NIGHT,1/8,
248,INT. PICKUP - NIGHT #248#,PICKUP,NIGHT,1/8,
249,INT. LODGE ROOM - CABIN - NIGHT #249#,LODGE ROOM,NIGHT,1/8,
250,INT. PICKUP - NIGHT #250#,PICKUP,NIGHT,1/8,
251,INT. LODGE ROOM - CABIN - NIGHT #251#,LODGE ROOM,NIGHT,1/8,
252,INT. PICKUP - NIGHT #252#,PICKUP,NIGHT,1/8,
253,EXT. FRONT YARD - CABIN - NIGHT #253#,FRONT YARD,NIGHT,1/8,
254,INT. LODGE ROOM - CABIN - NIGHT #254#,LODGE ROOM,NIGHT,1/8,
255,EXT. FRONT YARD - CABIN - NIGHT #255#,FRONT YARD,NIGHT,1/8,
256,INT. LODGE ROOM - CABIN - NIGHT #256#,LODGE ROOM,NIGHT,5/8,
257,INT. CORNER OFFICE (FLASHBACK) - DAY #257#,CORNER OFFICE (FLASHBACK),DAY,1/8,
258,INT. CORNER OFFICE (FLASHBACK) - DAY #258#,CORNER OFFICE (FLASHBACK),DAY,1/8,
259,EXT. SKYSCRAPER (FLASHBACK)- DAY #259#,SKYSCRAPER (FLASHBACK)- DAY,,1/8,
260,INT. LODGE ROOM - CABIN - NIGHT #260#,LODGE ROOM,NIGHT,1/8,
261,EXT. SKYSCRAPER (FLASHBACK) - DAY #261#,SKYSCRAPER (FLASHBACK),DAY,1/8,
262,INT. LODGE ROOM - CABIN - NIGHT #262#,LODGE ROOM,NIGHT,1/8,
263,EXT. AVENUE (FLASHBACK) - DAY #263#,AVENUE (FLASHBACK),DAY,1/8,
264,INT. LODGE ROOM - CABIN - NIGHT #264#,LODGE ROOM,NIGHT,1/8,
265,INT. FORESTER (FLASHBACK) - DAY #265#,FORESTER (FLASHBACK),DAY,1/8,
266,INT. LODGE ROOM - CABIN - NIGHT #266#,LODGE ROOM,NIGHT,4/8,
267,INT. KITCHENETTE - CABIN - NIGHT #267#,KITCHENETTE,NIGHT,1/8,
268,INT. LODGE ROOM - CABIN - NIGHT #268#,LODGE ROOM,NIGHT,1/8,
269,INT. JACK'S ROOM - CABIN - NIGHT #269#,JACK'S ROOM,NIGHT,1/8,
270,EXT. FRONT YARD - CABIN - NIGHT #270#,FRONT YARD,NIGHT,1/8,
271,INT. MASTER BEDROOM - HOUSE - NIGHT #271#,MASTER BEDROOM,NIGHT,1/8,
272,INT. CORRIDOR - HOUSE - NIGHT #272#,CORRIDOR,NIGHT,1/8,
A1,INT. JACK'S BEDROOM - HOUSE - NIGHT,JACK'S BEDROOM,NIGHT,1/8,
273,INT. JACK'S BEDROOM - HOUSE - DAY #273#,JACK'S BEDROOM,DAY,1/8,
274,INT. KITCHEN - HOUSE - DAY #274#,KITCHEN,DAY,1/8,
275,EXT. SUBURBAN HOME - DAY #275#,SUBURBAN HOME,DAY,1/8,
276,EXT. UPSTATE NEW YORK - DAY #276#,UPSTATE NEW YORK,DAY,1/8,
277,INT. FORESTER (MOVING) - DAY #277#,FORESTER (MOVING),DAY,3/8,
278,EXT. INTERSECTION - DAY #278#,INTERSECTION,DAY,1/8,
